{
    "uvs":[[1.98682e-08,0.666667,0.333333,0.666667,0.333333,1,0,1,0.333333,0.333333,4.96705e-08,0.666667,0,0.333333,0.666667,0.333333,0.333333,0.333333,0.333333,0,0.666667,1.98682e-08,2.98023e-08,0.333333,0,1.29143e-07,0.333333,0,0.333333,0.333333,1,0.333333,0.666667,0.333333,0.666667,8.9407e-08,1,0,0.666667,0.333333,0.666667,0.666667,0.333333,0.666667]],
    "faces":[41,0,1,2,3,0,1,2,3,0,0,0,0,41,4,7,6,5,4,1,5,6,1,1,1,1,41,0,4,5,1,7,8,9,10,2,2,2,2,41,1,5,6,2,11,12,13,14,3,3,3,3,41,2,6,7,3,15,16,17,18,4,4,4,4,41,4,0,3,7,4,19,20,21,5,5,5,5],
    "normals":[-5.32907e-15,-1,2.98023e-08,4.26326e-14,1,-1.19209e-07,1,4.47034e-08,2.83122e-07,-2.68221e-07,-5.96047e-08,1,-1,-1.3411e-07,-2.23517e-07,2.68221e-07,1.78814e-07,-1],
    "vertices":[1,0.929787,-1,1,0.929787,1,-1,0.929787,1,-1,0.929787,-1,1,2.92979,-1,0.999999,2.92979,1,-1,2.92979,1,-1,2.92979,-1],
    "metadata":{
        "uvs":1,
        "faces":6,
        "type":"Geometry",
        "normals":6,
        "vertices":8,
        "generator":"io_three",
        "version":3
    }
}